<project name="javarosa-validator-tools" default="build-all">
	<property name="compile.source" value="true" />
	
	<property name="dir.root" value="${basedir}/../../../" />

	<target name="build-all">
		<ant antfile="${dir.root}/core/build.xml" target="extract-libs" inheritAll="true" inheritRefs="false" />

		<ant antfile="${dir.root}/util/validator/org.javarosa.xform.validator/build.xml" target="buildClean" inheritAll="false" inheritRefs="false">
			<property name="compile.source" value="${compile.source}"/>
		</ant>

		<ant antfile="${dir.root}/util/schema-gen/build.xml" target="buildClean" inheritAll="false" inheritRefs="false">
			<property name="compile.source" value="${compile.source}"/>
		</ant>
		
	</target>
</project>