<!--

  Licensed to the Apache Software Foundation (ASF) under one
  or more contributor license agreements.  See the NOTICE file
  distributed with this work for additional information
  regarding copyright ownership.  The ASF licenses this file
  to you under the Apache License, Version 2.0 (the
  "License"); you may not use this file except in compliance
  with the License.  You may obtain a copy of the License at

    http://www.apache.org/licenses/LICENSE-2.0

  Unless required by applicable law or agreed to in writing,
  software distributed under the License is distributed on an
  "AS IS" BASIS, WITHOUT WARRANTIES OR CONDITIONS OF ANY
  KIND, either express or implied.  See the License for the
  specific language governing permissions and limitations
  under the License.    

-->
<project name="ws-xmlrpc">
  <bannerLeft>
    <name>Apache XML-RPC</name>
    <src>http://ws.apache.org/xmlrpc/images/xmlrpc-logo.gif</src>
    <href>http://ws.apache.org/xmlrpc/</href>
  </bannerLeft>
  <body>
    <links>
      <item name="Apache" href="http://www.apache.org/"/>
      <item name="Webservices" href="http://ws.apache.org/"/>
      <item name="XML-RPC" href="http://ws.apache.org/xmlrpc/"/>
    </links>

    <menu name="XML-RPC">
      <item name="Overview"            href="/index.html"/>
      <item name="Download"            href="/download.html"/>
      <item name="Changes"             href="/changes-report.html"/>
      <item name="Mailing Lists"       href="/mail-lists.html"/>
      <item name="Contributing"        href="/contributing.html"/>
      <item name="XML-RPC 2"           href="http://ws.apache.org/xmlrpc/xmlrpc2"/>
      <item name="Links"               href="/links.html"/>
    </menu>

    <menu name="Documentation">
      <item name="Client Classes"      href="/client.html"/>
      <item name="Server Side XML-RPC" href="/server.html"/>
      <item name="Vendor Extensions"   href="/extensions.html"/>
      <item name="SSL"                 href="/ssl.html"/>
      <item name="Introspection"       href="/introspection.html"/>
      <item name="Advanced Techniques" href="/advanced.html"/>
      <item name="XML-RPC Types"       href="/types.html"/>
      <item name="FAQ"                 href="/faq.html"/>
      <item name="Javadocs"            href="/apidocs/index.html"/>
    </menu>

    ${reports}

  </body></project>
